ID,Description,GeneRatio,BgRatio,pvalue,p.adjust,qvalue,geneID,Count,GeneList,Dataset,Regulation
KEGG_NEUROACTIVE_LIGAND_RECEPTOR_INTERACTION,KEGG_NEUROACTIVE_LIGAND_RECEPTOR_INTERACTION,35/321,60/2697,2.6360736442059417e-18,6.721987792725151e-16,6.721987792725151e-16,32864/31621/40575/32860/42530/41639/40665/31107/43669/43982/40754/43551/5740505/39984/42918/42652/37892/35535/42919/43098/37196/45910/42133/41713/41286/40195/33007/37191/42561/42523/36601/41726/33942/33572/41638,35,"CCKLR-17D3, iav, 5-HT2A, CCKLR-17D1, SIFaR, PK2-R1, Nmdar1, Nmdar2, 5-HT7, Oamb, NPFR, TkR99D, Lgr4, Grd, nAChRalpha1, Octbeta1R, mAChR-A, CCHa2-R, nAChRalpha2, Lgr3, 5-HT1A, ort, Lgr1, PK1-R, TkR86C, sNPF-R, Dop2R, 5-HT1B, GABA-B-R2, ETHR, Dh44-R1, Dop1R1, AkhR, CG31954, PK2-R2",OSNs,up
KEGG_MEDICUS_REFERENCE_GPCR_PLCB_ITPR_SIGNALING_PATHWAY,KEGG_MEDICUS_REFERENCE_GPCR_PLCB_ITPR_SIGNALING_PATHWAY,10/321,16/2697,2.071736354738538e-6,2.641463852291636e-4,2.641463852291636e-4,32864/40575/32860/43982/43551/37892/35535/42133/41286/42523,10,"CCKLR-17D3, 5-HT2A, CCKLR-17D1, Oamb, TkR99D, mAChR-A, CCHa2-R, Lgr1, TkR86C, ETHR",OSNs,up
KEGG_CALCIUM_SIGNALING_PATHWAY,KEGG_CALCIUM_SIGNALING_PATHWAY,20/321,67/2697,5.375500847209986e-5,0.004569175720128488,0.004569175720128488,32864/40575/32860/40665/31107/43669/43982/32008/36003/43551/42652/37892/35535/34594/34495/42133/41286/31550/42523/41726,20,"CCKLR-17D3, 5-HT2A, CCKLR-17D1, Nmdar1, Nmdar2, 5-HT7, Oamb, Ant2, trpl, TkR99D, Octbeta1R, mAChR-A, CCHa2-R, Pde1c, Nos, Lgr1, TkR86C, Ca-alpha1T, ETHR, Dop1R1",OSNs,up
KEGG_MATURITY_ONSET_DIABETES_OF_THE_YOUNG,KEGG_MATURITY_ONSET_DIABETES_OF_THE_YOUNG,9/321,21/2697,3.416630039252711e-4,0.021781016500236033,0.021781016500236033,35227/42495/31003/44008/35404/43191/38884/39935/117364,9,"tj, HHEX, vnd, Hex-C, dimm, Hex-t2, exex, tap, Hex-t1",OSNs,up
KEGG_MEDICUS_REFERENCE_RETROGRADE_AXONAL_TRANSPORT,KEGG_MEDICUS_REFERENCE_RETROGRADE_AXONAL_TRANSPORT,10/321,28/2697,9.051825818553455e-4,0.04616431167462262,0.04616431167462262,43295/32785/37374/41124/39130/43379/38586/36303/42485/39318,10,"CG3339, Dhc16F, CG9313, betaTub85D, alphaTub67C, Dhc98D, Dnah3, CG8407, Dhc93AB, Dnai2",OSNs,up
